Cuisines,Aggregate rating
,3.866666667
Afghani,0.725
"Afghani, Mughlai, Chinese",0
"Afghani, North Indian",0
"Afghani, North Indian, Pakistani, Arabian",0
African,4.7
"African, Portuguese",4.2
American,3.667741935
"American, Asian, Burger",4.6
"American, Asian, European, Seafood",4.6
"American, Asian, Italian, Seafood",4.5
"American, Asian, North Indian, Mexican, South Indian",3.3
"American, BBQ",3.8
"American, BBQ, Burger",3.85
"American, BBQ, Sandwich",4.9
"American, BBQ, Seafood",3.3
"American, BBQ, Southern",3.95
"American, BBQ, Steak",3.825
"American, Bakery, European, Burger, Fusion",3.8
"American, Bar Food",4.225
"American, Bar Food, BBQ",0
"American, Bar Food, Sandwich",3.7
"American, Breakfast",3.814285714
"American, Breakfast, Burger",4.033333333
"American, Breakfast, Desserts",4.3
"American, Breakfast, Diner",3.4
"American, Breakfast, Greek",4
"American, Breakfast, Hawaiian",4.2
"American, Breakfast, Vegetarian",4.4
"American, British, Continental",4
"American, Burger",4.076923077
"American, Burger, Cafe",4.7
"American, Burger, Cajun",3.8
"American, Burger, Fast Food",4.6
"American, Burger, Grill",4.9
"American, Burger, Pizza, Cafe",3.7
"American, Burger, Sandwich",3.85
"American, Cafe",4.2
"American, Caribbean, Seafood",4.9
"American, Chinese, North Indian",2.5
"American, Chinese, North Indian, Italian",3.5
"American, Chinese, Sushi",3.7
"American, Coffee and Tea",4.9
"American, Continental, Burger",4.6
"American, Continental, Italian",3.8
"American, Continental, Italian, Bakery",3.7
"American, Continental, Italian, North Indian, Asian",3.7
"American, Continental, North Indian, Chinese",3.7
"American, Desserts",4.65
"American, Desserts, Diner",3.9
"American, Desserts, Steak",4.7
"American, Diner, Southern",4.3
"American, European",4.2
"American, European, North Indian",3.5
"American, European, Sandwich",4.2
"American, Fast Food",3.35
"American, Fast Food, Burger",2.114285714
"American, Fast Food, Desserts",4
"American, Fast Food, Desserts, Steak",3.3
"American, Fast Food, Salad, Healthy Food",2.9
"American, Fast Food, Steak, Beverages",4.2
"American, Finger Food",3.3
"American, French",3.7
"American, Greek",3.7
"American, Greek, Seafood",4
"American, Grill",4
"American, Hawaiian",4.5
"American, Ice Cream, Desserts",4.2
"American, International, Southwestern",3.6
"American, International, Sushi",3.8
"American, Italian",2.82
"American, Italian, Bakery, Deli, Burger, Sandwich, Pizza",3.8
"American, Italian, Cafe",3.6
"American, Italian, Chinese",4.1
"American, Italian, Chinese, North Indian, Cafe",3.7
"American, Italian, Mughlai, North Indian",3.5
"American, Italian, North Indian, Chinese",0
"American, Italian, North Indian, Chinese, Lebanese",3.6
"American, Italian, North Indian, European, Thai",4.2
"American, Italian, Pizza",3.966666667
"American, Italian, Seafood",3.85
"American, Japanese, Singaporean",3.2
"American, Japanese, Sushi",4.6
"American, Mediterranean, Seafood",3.7
"American, Mexican",3.466666667
"American, Mexican, Burger",3.9
"American, Mexican, Finger Food",4.2
"American, Mexican, Seafood",4
"American, North Indian, European, Asian",3.7
"American, North Indian, Thai, Continental",3.8
"American, Pizza",3.7
"American, Pizza, Bar Food",4.166666667
"American, Sandwich, Salad",4.7
"American, Sandwich, Seafood",4.4
"American, Sandwich, Tea",4.9
"American, Seafood",4.1
"American, Seafood, Cajun",4.6
"American, Seafood, Italian, Japanese, Thai",3.5
"American, Seafood, Southern",4.4
"American, Seafood, Steak",3.8375
"American, Seafood, Sushi",4
"American, Southern",4.225
"American, Southern, Southwestern",4.5
"American, Steak",3.833333333
"American, Tapas",4.1
"American, Tex-Mex",3.8
"American, Tex-Mex, Italian, Mexican, North Indian",2.6
Andhra,3.4
"Andhra, North Indian, Chinese",3.5
"Andhra, North Indian, Chinese, Seafood, Biryani",3.6
Arabian,3.7
"Arabian, Lebanese",3.1
"Arabian, Mexican",3.5
"Arabian, Middle Eastern",4.2
"Arabian, North Indian",2.9
"Argentine, American",4.5
Asian,3.255555556
"Asian Fusion, Cafe",4.2
"Asian Fusion, Pub Food, Fusion, Asian, Filipino, Malaysian, Thai",3.5
"Asian, Bakery",2.8
"Asian, Breakfast, Hawaiian",4.2
"Asian, Burmese",4.6
"Asian, Chinese",3.39
"Asian, Chinese, Japanese",4.2
"Asian, Chinese, North Indian",3.8
"Asian, Chinese, Thai",4.1
"Asian, Chinese, Thai, Japanese",4.7
"Asian, Chinese, Thai, Malaysian, Indonesian, Burmese",3.8
"Asian, Chinese, Thai, Vietnamese",4.2
"Asian, Chinese, Tibetan",4.1
"Asian, Chinese, Vegetarian",3.9
"Asian, Continental",3.5
"Asian, Continental, Fast Food",4.5
"Asian, Continental, Italian, North Indian",3
"Asian, Continental, Seafood",3.8
"Asian, European",3.95
"Asian, European, Seafood",4.2
"Asian, Indonesian, Western",4.6
"Asian, Japanese",3.1
"Asian, Japanese, Chinese, Thai",3.9
"Asian, Japanese, Korean, Thai, Chinese",4.1
"Asian, Japanese, Sushi",4.2
"Asian, Latin American, Vegetarian",4.4
"Asian, Mediterranean, North Indian",4.4
"Asian, North Indian",3.95
"Asian, North Indian, Continental",3.5
"Asian, North Indian, Japanese",2.9
"Asian, North Indian, Mughlai",0
"Asian, Seafood",4.1
"Asian, Sushi",4.1
"Asian, Sushi, Seafood",4.5
"Asian, Sushi, Tapas",4.3
"Asian, Sushi, Thai",4.1
"Asian, Sushi, Vegetarian",3.6
"Asian, Thai",3.966666667
"Asian, Thai, Chinese",4.166666667
"Asian, Thai, Chinese, North Indian",3.1
"Asian, Thai, Vegetarian",4
"Asian, Vegetarian, Vietnamese",3.8
"Asian, Vegetarian, Vietnamese, Bubble Tea",4.4
"Asian, Vietnamese",3.9
Assamese,0
"Assamese, Chinese",3.15
Australian,4.1
Awadhi,0
"Awadhi, Mughlai",0
"Awadhi, Mughlai, North Indian",0
"Awadhi, North Indian",0
"Awadhi, North Indian, Mughlai",3.8
BBQ,3.977777778
"BBQ, Breakfast, Southern",4.9
"BBQ, Burger, Desserts",4.5
"BBQ, Burger, Seafood",3.7
"BBQ, Caribbean, Cajun",4.5
"BBQ, Caribbean, Seafood",4.6
"BBQ, Grill, Brazilian",4.3
"BBQ, Sandwich",4.1
"BBQ, Southern",4
Bakery,1.924311927
"Bakery, Arabian, Middle Eastern",4.2
"Bakery, Beverages",3.4
"Bakery, Beverages, Fast Food",3.6
"Bakery, Cafe",3.9
"Bakery, Cafe, Fast Food",4.3
"Bakery, Chinese",1.44
"Bakery, Chinese, Fast Food",3.533333333
"Bakery, Chinese, North Indian",0
"Bakery, Desserts",2.317647059
"Bakery, Desserts, Bakery",3.1
"Bakery, Desserts, Beverages",3.633333333
"Bakery, Desserts, Cafe",4
"Bakery, Desserts, Chinese, Fast Food",3.4
"Bakery, Desserts, Fast Food",3.366666667
"Bakery, Desserts, Fast Food, Beverages",4.2
"Bakery, Desserts, Fast Food, Mithai",0
"Bakery, Desserts, Fast Food, North Indian",3.5
"Bakery, Desserts, Fast Food, Pizza, Burger, Continental",3.6
"Bakery, Desserts, Fast Food, Pizza, Burger, Finger Food",3.4
"Bakery, Desserts, Fast Food, Street Food, Chinese, Beverages",3.4
"Bakery, Desserts, Healthy Food",0
"Bakery, Desserts, Ice Cream",3.4
"Bakery, Desserts, North Indian, Bengali, South Indian",3.5
"Bakery, Fast Food",2.399074074
"Bakery, Fast Food, Beverages",3.4
"Bakery, Fast Food, Chinese",2.5
"Bakery, Fast Food, Desserts",2.366666667
"Bakery, Fast Food, Pizza",3.1
"Bakery, Fast Food, Street Food",2.9
"Bakery, French",4.1
"Bakery, Healthy Food",0
"Bakery, Italian, Chinese, Mexican",2.533333333
"Bakery, Italian, Fast Food, Chinese, Continental",2.9
"Bakery, Mithai",1
"Bakery, Mithai, Fast Food",2.9
"Bakery, North Indian",0
"Bakery, Pizza",0
"Bakery, Sandwich, Brazilian",4.4
"Bakery, Street Food",3.2
Bar Food,4.233333333
"Bar Food, Brazilian",1.8
"Bar Food, Modern Australian",3.8
"Bar Food, Sandwich, Seafood",4
"Bar Food, Seafood, Vegetarian",4.1
"Bar Food, Steak",3.5
Bengali,3.62
"Bengali, Chinese",0
"Bengali, Fast Food",3.2
"Bengali, North Indian",2.2
"Bengali, North Indian, Chinese",3.7
"Bengali, Seafood",4.1
"Bengali, South Indian, North Indian, Mughlai",3.9
Beverages,2.483333333
"Beverages, Bar Food, Fast Food",4.5
"Beverages, Desserts",1.8
"Beverages, Fast Food",2.4
"Beverages, Healthy Food",0
"Beverages, Ice Cream",3.1
"Beverages, International",4.8
"Beverages, Juices",3.1
"Beverages, Salad",4.3
"Beverages, Salad, Beverages",4.3
"Beverages, Street Food",3.2
Bihari,3.433333333
"Bihari, Lucknowi, North Indian",4
Biryani,1.398148148
"Biryani, Andhra",4
"Biryani, Chinese, North Indian",2.8
"Biryani, Hyderabadi",3.528571429
"Biryani, Kerala",3.2
"Biryani, Lucknowi, North Indian",3.4
"Biryani, Mughlai",2.011764706
"Biryani, Mughlai, Bengali, North Indian",3.7
"Biryani, North Indian",2.538888889
"Biryani, North Indian, Chinese, Mughlai",4.6
"Biryani, North Indian, Fast Food",2.7
"Biryani, North Indian, Hyderabadi",3.966666667
"Biryani, North Indian, Mughlai",3.44
"Biryani, Pizza, Fast Food, Healthy Food",0
Brazilian,3.3
"Brazilian, Bar Food",4.675
"Brazilian, Bar Food, Beverages",4.6
"Brazilian, Cafe",0
"Brazilian, Grill",3.9
"Brazilian, Healthy Food, Juices, Pizza",4.6
"Brazilian, Italian",4.3
"Brazilian, Mineira",0
"Brazilian, North Eastern",4.4
"Brazilian, Seafood",4.2
"Brazilian, Steak",4.6
Breakfast,3.9
"Breakfast, Burger",3.666666667
"Breakfast, Burger, Sandwich",3.7
"Breakfast, Cajun",4.1
"Breakfast, Coffee and Tea",3.7
"Breakfast, Coffee and Tea, Modern Australian",3.7
"Breakfast, Diner",3.6
"Breakfast, Diner, Sandwich",4.3
"Breakfast, Diner, Southern",3.7
"Breakfast, French",3.8
"Breakfast, Mexican",4.5
"Breakfast, Mexican, Southwestern",4
"Breakfast, Modern Australian",4.1
"Breakfast, Pizza",3.5
"Breakfast, Sandwich",4.4
"Breakfast, Spanish, Tapas",4.4
"Breakfast, Vegetarian",4.2
British,4.366666667
"British, Bar Food, Sandwich",4.1
"British, Burger, Cafe",4.1
"British, Cafe",3.8
"British, Chinese, Italian",3.8
"British, Contemporary",4.3
"British, French",4.4
"British, Scottish, Seafood",4.1
"British, Steak",4
Burger,4.45
"Burger, American",4.033333333
"Burger, American, Beverages",3.8
"Burger, American, Fast Food",3.85
"Burger, American, Fast Food, Italian, Pizza",4.5
"Burger, American, Grill",4.1
"Burger, Bar Food",3.95
"Burger, Bar Food, Southern",3.8
"Burger, Bar Food, Steak",4.9
"Burger, Bar Food, Vegetarian",3.8
"Burger, Coffee and Tea, Modern Australian",3.7
"Burger, Desserts",3.9
"Burger, Desserts, Bar Food",4.5
"Burger, Desserts, Fast Food",3.136363636
"Burger, Desserts, Sandwich",3.6
"Burger, Desserts, Vegetarian",4.2
"Burger, Fast Food",3.169767442
"Burger, Fast Food, Chinese",2.133333333
"Burger, Fast Food, Chinese, Bakery",3
"Burger, Fast Food, Desserts, Beverages",4
"Burger, Fast Food, Grill",3.6
"Burger, Finger Food, Pizza",4
"Burger, German, Sandwich",2.2
"Burger, Greek, Sandwich",3.9
"Burger, Grill",4
"Burger, Izgara",4.3
"Burger, Juices, Finger Food",3.6
"Burger, Pizza",3.9
"Burger, Pizza, Biryani",4.3
"Burger, Pizza, Fast Food",0
"Burger, Pizza, Sandwich",3.55
"Burger, Sandwich, Seafood",4.4
"Burger, Seafood",4
"Burger, Seafood, Steak",3.533333333
"Burger, Steak, Seafood",4.1
"Burmese, Chinese, Japanese, Malaysian, Thai",3.866666667
"Burmese, Chinese, Thai",3.4
Cafe,2.8909699
"Cafe, American",4.6
"Cafe, American, Continental, Armenian, Fast Food",3.9
"Cafe, American, Continental, Nepalese",3.6
"Cafe, American, Desserts, Italian, Bakery",3.7
"Cafe, American, Italian",4
"Cafe, American, Italian, Continental",4.1
"Cafe, American, Italian, Filipino",3.6
"Cafe, American, Italian, North Indian, Chinese",3.7
"Cafe, American, Mexican, Italian, Thai",3.8
"Cafe, American, Tea",3.1
"Cafe, Asian, Italian, North Indian",4.2
"Cafe, Australian",3.7
"Cafe, Bakery",3.00625
"Cafe, Bakery, American, Italian",4.4
"Cafe, Bakery, Desserts",4.166666667
"Cafe, Bakery, Fast Food",1.7
"Cafe, Bakery, Italian",4.1
"Cafe, Bakery, Parsi",4.1
"Cafe, Bakery, Tea, Vegetarian",4
"Cafe, Belgian",3.9
"Cafe, Beverages",2.5
"Cafe, Beverages, Desserts, Pizza",4
"Cafe, British",3.7
"Cafe, Burger",4.55
"Cafe, Burger, Tapas, South African, European, Grill",3.9
"Cafe, Charcoal Grill, Steak",4.5
"Cafe, Chinese",3.266666667
"Cafe, Chinese, Continental",4
"Cafe, Chinese, Continental, Italian, Desserts, Beverages",3.2
"Cafe, Chinese, Fast Food",3.3
"Cafe, Chinese, Fast Food, Italian",3.7
"Cafe, Chinese, Fast Food, Seafood",3.8
"Cafe, Chinese, Italian",2.65
"Cafe, Chinese, North Indian",3.3
"Cafe, Chinese, Thai, North Indian, Continental",4
"Cafe, Coffee and Tea, Modern Australian",3.8
"Cafe, Coffee and Tea, Sandwich",3.4
"Cafe, Coffee and Tea, Western",4.2
"Cafe, Continental",3.558333333
"Cafe, Continental, Chinese",2.725
"Cafe, Continental, Chinese, Italian",4.2
"Cafe, Continental, Chinese, North Indian, Italian",3.6
"Cafe, Continental, Desserts",4.4
"Cafe, Continental, Desserts, Ice Cream, Italian, Beverages",3.9
"Cafe, Continental, European, Beverages",3.6
"Cafe, Continental, Fast Food",3.95
"Cafe, Continental, Fast Food, Italian",1.85
"Cafe, Continental, Italian",4.08
"Cafe, Continental, Italian, Bakery",4.4
"Cafe, Continental, Italian, Chinese",3.6
"Cafe, Continental, Italian, Chinese, North Indian",4.2
"Cafe, Continental, Italian, Fast Food",3.7
"Cafe, Continental, Italian, Mexican",4
"Cafe, Continental, Italian, Mexican, Chinese, American",4.7
"Cafe, Continental, Italian, North Indian",3.45
"Cafe, Continental, Italian, Pizza",4.1
"Cafe, Continental, Italian, Street Food",4
"Cafe, Continental, Mexican, Italian, North Indian, Chinese",3.7
"Cafe, Continental, North Indian",3.6
"Cafe, Continental, North Indian, Chinese",4.2
"Cafe, Continental, North Indian, Chinese, Mexican",4
"Cafe, Continental, North Indian, Italian, Chinese, Bakery, Desserts, Finger Food",3.8
"Cafe, Desserts",3.433333333
"Cafe, Desserts, Bakery",3.65
"Cafe, Desserts, Beverages",3.7
"Cafe, Desserts, Healthy Food, Juices",3.7
"Cafe, European",4
"Cafe, European, Mexican",4.4
"Cafe, Fast Food",3.461111111
"Cafe, Fast Food, American",3.8
"Cafe, Fast Food, Asian, Italian",2.8
"Cafe, Fast Food, Bakery",0
"Cafe, Fast Food, Beverages",3.8
"Cafe, Fast Food, Chinese",3.7
"Cafe, Fast Food, Continental",3.2
"Cafe, Fast Food, Desserts",3.6
"Cafe, Fast Food, Healthy Food",4.1
"Cafe, Fast Food, Italian",4.25
"Cafe, Fast Food, Italian, Chinese",3.95
"Cafe, Fast Food, Italian, Mexican",3.9
"Cafe, Fast Food, North Indian",3.8
"Cafe, Fast Food, Pizza",3.4
"Cafe, Fast Food, Street Food",3.95
"Cafe, French",0
"Cafe, Grill",4
"Cafe, Healthy Food, Continental",3.8
"Cafe, Healthy Food, Continental, Italian, Asian",3.7
"Cafe, Healthy Food, North Indian",3
"Cafe, Italian",3.583333333
"Cafe, Italian, Bakery",4.4
"Cafe, Italian, Chinese",3.533333333
"Cafe, Italian, Chinese, Continental",3.9
"Cafe, Italian, Chinese, North Indian",3.65
"Cafe, Italian, Coffee and Tea, Western, Indonesian",4.6
"Cafe, Italian, Continental",4.15
"Cafe, Italian, Continental, Chinese",3.5
"Cafe, Italian, Continental, Desserts",3.9
"Cafe, Italian, Continental, Fast Food",4.3
"Cafe, Italian, Continental, Mexican",4.1
"Cafe, Italian, Continental, Mexican, Mediterranean",3.6
"Cafe, Italian, Desserts",4.1
"Cafe, Italian, Desserts, Fast Food, Chinese, Tea",3.925
"Cafe, Italian, European, Bakery",4.1
"Cafe, Italian, Fast Food",3.9
"Cafe, Italian, Japanese, Continental",4.2
"Cafe, Italian, Lebanese",3.433333333
"Cafe, Italian, Lebanese, Continental, Mediterranean",4.1
"Cafe, Italian, Mexican, Bakery",4.1
"Cafe, Italian, Mexican, Chinese",3.9
"Cafe, Italian, Mexican, Chinese, North Indian",3.3
"Cafe, Italian, Mexican, Continental",4.1
"Cafe, Italian, Mexican, North Indian, Continental",3.9
"Cafe, Italian, Mexican, Salad, Desserts",3.4
"Cafe, Italian, North Indian",3.6
"Cafe, Italian, Pizza",3.7
"Cafe, Italian, Pizza, European, Bakery, Deli",3.9
"Cafe, Italian, Salad",2.6
"Cafe, Kiwi",4.3
"Cafe, Kiwi, Ice Cream, Desserts",4
"Cafe, Korean",3.6
"Cafe, Korean, Desserts",4.5
"Cafe, Lebanese, Italian",3.8
"Cafe, Mediterranean",4.1
"Cafe, Mexican",2.1
"Cafe, Mexican, American, Italian, Lebanese, Continental",4.3
"Cafe, Mexican, Continental",0
"Cafe, Mexican, Italian, Continental",4.3
"Cafe, Mexican, Italian, Fast Food",3.8
"Cafe, Mexican, Italian, North Indian, Chinese",3.8
"Cafe, Mexican, Italian, North Indian, Fast Food",4.2
"Cafe, Mughlai, North Indian",3.2
"Cafe, North Eastern",0
"Cafe, North Indian",4
"Cafe, North Indian, Chinese",3.644444444
"Cafe, North Indian, Chinese, Continental",3.35
"Cafe, North Indian, Chinese, South Indian",3.2
"Cafe, North Indian, Continental",1.966666667
"Cafe, North Indian, Continental, Chinese",3.7
"Cafe, North Indian, Continental, Italian",3.7
"Cafe, North Indian, Fast Food",3.05
"Cafe, North Indian, Italian",3.9
"Cafe, North Indian, Italian, Chinese",2.8
"Cafe, North Indian, Italian, Japanese, Fast Food",3.6
"Cafe, North Indian, Lebanese, Continental",3.5
"Cafe, Patisserie",4.1
"Cafe, Patisserie, Bakery, Desserts",4.4
"Cafe, Pizza",3.5
"Cafe, Pizza, Burger",4
"Cafe, Pizza, Italian",3.8
"Cafe, Sandwich, Southern",4.3
"Cafe, South Indian, North Indian, Bakery",3.5
"Cafe, Spanish, Turkish, Greek",3.2
"Cafe, Sri Lankan, Continental, American",4
"Cafe, Street Food",3.2
"Cafe, Tapas, South African, Beverages, Healthy Food, Desserts, Spanish",4.5
"Cafe, Tea",3.375
"Cafe, Tea, Desserts",3.6
"Cafe, Tibetan",0
"Cafe, Western",4.3
Cajun,4.7
Caribbean,4.3
"Caribbean, Mexican, Cajun",3.8
"Caribbean, Seafood",4.3
"Caribbean, Seafood, Steak",3.5
"Charcoal Grill, Italian, North Indian, European, Indonesian, Thai",4.4
Chinese,2.042090395
"Chinese, Asian",3.625
"Chinese, Asian, Mediterranean, Continental",3.9
"Chinese, Asian, Thai",3.76
"Chinese, Assamese",3.3
"Chinese, Bakery",1.65
"Chinese, Beverages",3.35
"Chinese, Biryani, North Indian",3
"Chinese, Cafe",2.8
"Chinese, Cafe, Fast Food",3.2
"Chinese, Cafe, North Indian, Desserts",3.9
"Chinese, Canadian",3
"Chinese, Continental",3.7
"Chinese, Continental, Italian, North Indian",3.1
"Chinese, Continental, Mexican",2.8
"Chinese, Continental, North Indian",2.85
"Chinese, Continental, North Indian, Mexican",4.1
"Chinese, Continental, North Indian, Mughlai",3.7
"Chinese, Continental, Singaporean",3.4
"Chinese, Continental, Thai",3.2
"Chinese, Dim Sum",4.75
"Chinese, Fast Food",2.055084746
"Chinese, Fast Food, Bakery",1.45
"Chinese, Fast Food, Ice Cream",3.3
"Chinese, Fast Food, North Indian",1.516666667
"Chinese, Fast Food, North Indian, South Indian",3.4
"Chinese, Fast Food, North Indian, South Indian, Street Food, Mithai",2.4
"Chinese, Fast Food, Pizza",0
"Chinese, Healthy Food",2.8
"Chinese, Indian",0
"Chinese, Italian",0
"Chinese, Italian, Continental",3.1
"Chinese, Italian, Continental, North Indian",3.9
"Chinese, Italian, Fast Food",3.066666667
"Chinese, Italian, North Indian",3.65
"Chinese, Italian, North Indian, Mexican, Mediterranean, Thai",4.2
"Chinese, Japanese",3.4
"Chinese, Japanese, Italian, Seafood",3.5
"Chinese, Japanese, Korean, Asian",4
"Chinese, Japanese, Sushi",4.5
"Chinese, Japanese, Thai",3.5
"Chinese, Japanese, Thai, Asian",3.5
"Chinese, Japanese, Thai, Malaysian, Vietnamese, Asian",3.6
"Chinese, Lucknowi",0
"Chinese, Mangalorean",3.7
"Chinese, Mexican, Fast Food, Continental",3
"Chinese, Mexican, Italian",3
"Chinese, Mithai",0
"Chinese, Mughlai",3.3
"Chinese, Mughlai, North Indian",2.090909091
"Chinese, Naga",3.7
"Chinese, North Eastern",0
"Chinese, North Indian",1.903809524
"Chinese, North Indian, Cafe",3.7
"Chinese, North Indian, Continental",3.6
"Chinese, North Indian, Continental, Italian",3.4
"Chinese, North Indian, Continental, Mexican",2.7
"Chinese, North Indian, Fast Food",2.183333333
"Chinese, North Indian, Fast Food, Italian",4.033333333
"Chinese, North Indian, Fast Food, Street Food",0
"Chinese, North Indian, Italian",2.475
"Chinese, North Indian, Italian, Continental",3.2
"Chinese, North Indian, Italian, Continental, Fast Food",3.2
"Chinese, North Indian, Italian, Fast Food",3.6
"Chinese, North Indian, Italian, Mexican",3.8
"Chinese, North Indian, Italian, Mughlai",3
"Chinese, North Indian, Mithai, Street Food",2.6
"Chinese, North Indian, Mughlai",2.5625
"Chinese, North Indian, Mughlai, Continental",3.266666667
"Chinese, North Indian, Mughlai, Pizza",0
"Chinese, North Indian, Seafood",2.8
"Chinese, North Indian, South Indian",1.033333333
"Chinese, North Indian, South Indian, Fast Food",2
"Chinese, North Indian, South Indian, Healthy Food",3.1
"Chinese, North Indian, South Indian, Street Food",2.3
"Chinese, North Indian, Street Food",3.35
"Chinese, North Indian, Thai",3.5
"Chinese, Pizza",4.6
"Chinese, Seafood",3.4
"Chinese, Seafood, Asian",4.05
"Chinese, Seafood, Cantonese, Dim Sum",3.9
"Chinese, Seafood, Japanese",2.833333333
"Chinese, Seafood, North Indian, Biryani",4.2
"Chinese, Seafood, Thai",3.5
"Chinese, Seafood, Vegetarian",3.6
"Chinese, South Indian",1.6
"Chinese, South Indian, Fast Food",1.475
"Chinese, South Indian, North Indian",2.066666667
"Chinese, Steak",4.6
"Chinese, Street Food",1.4
"Chinese, Sushi, Thai",4.2
"Chinese, Thai",3.309803922
"Chinese, Thai, Asian",3.55
"Chinese, Thai, Asian, Japanese, Korean, Seafood",3.9
"Chinese, Thai, Asian, Malaysian, Vietnamese, Japanese",4
"Chinese, Thai, Burmese, Vietnamese, Tibetan, Japanese",4.4
"Chinese, Thai, Continental, Fast Food, North Indian",3.9
"Chinese, Thai, Continental, North Indian",3.75
"Chinese, Thai, Fast Food",2.8
"Chinese, Thai, Japanese",4.1
"Chinese, Thai, Japanese, Asian",4.4
"Chinese, Thai, Japanese, Tibetan",3.35
"Chinese, Thai, Malaysian, Indonesian",3.3
"Chinese, Thai, Malaysian, Vietnamese, Korean, Indonesian, Asian",3.8
"Chinese, Thai, North Indian",3.7
"Chinese, Thai, North Indian, Japanese",3.8
"Chinese, Thai, North Indian, South Indian",3.7
"Chinese, Thai, Seafood",3.4
"Chinese, Thai, Seafood, Naga",3.8
"Chinese, Thai, Seafood, North Indian, Italian",3
"Chinese, Thai, Sushi",3.95
"Chinese, Thai, Tibetan",4.2
"Chinese, Thai, Tibetan, Japanese",3.9
"Chinese, Tibetan",3.2
"Chinese, Tibetan, Fast Food",3.3
"Chinese, Tibetan, Japanese",3.6
"Coffee and Tea, Cuban, Latin American",3.9
"Coffee and Tea, Desserts",4.3
"Coffee and Tea, Desserts, Beverages",3.7
"Coffee and Tea, Mediterranean",4.3
"Coffee and Tea, Modern Australian",2.4
"Coffee and Tea, Sandwich",3.6
"Coffee and Tea, Tapas, Australian",3.6
"Coffee and Tea, Tea, Modern Australian",3.6
Contemporary,4.5
"Contemporary, Burger, European",4
"Contemporary, Italian",4.8
"Contemporary, Sushi, Grill, Italian, Steak",3.4
Continental,3.566666667
"Continental, American",3.92
"Continental, American, Asian, North Indian",4.15
"Continental, American, Cafe",4.1
"Continental, American, Fast Food",3.9
"Continental, American, Italian",3.766666667
"Continental, American, Italian, Bakery",3.9
"Continental, American, Italian, Mediterranean",3.8
"Continental, American, Italian, North Indian, Chinese",3.6
"Continental, American, Italian, North Indian, Chinese, Cafe",4.7
"Continental, American, Italian, Seafood, North Indian, Cafe",4
"Continental, American, North Indian",3.6
"Continental, American, North Indian, Chinese",3.65
"Continental, American, Seafood",4.2
"Continental, American, Tex-Mex, North Indian",3.5
"Continental, Asian",4.2
"Continental, Asian, Italian, Mediterranean, Burger",3.8
"Continental, Asian, North Indian",3.4
"Continental, Asian, North Indian, Italian",3.5
"Continental, Asian, Sushi",4.2
"Continental, Burger, American",3.5
"Continental, Burger, Pizza, North Indian, European, Finger Food",3.9
"Continental, Cafe",3.7
"Continental, Cafe, Desserts, Bakery",4.3
"Continental, Cafe, Italian, Desserts",4.4
"Continental, Cafe, Italian, Pizza, North Indian, Chinese, Bakery, Mughlai",3.4
"Continental, Cafe, Spanish, Italian, European, Greek, Mediterranean",4.5
"Continental, Chinese",3.65
"Continental, Chinese, Biryani, North Indian",3.6
"Continental, Chinese, Fast Food",0
"Continental, Chinese, Italian, Bakery",4.2
"Continental, Chinese, Italian, Cafe",3.4
"Continental, Chinese, Italian, Finger Food",4.3
"Continental, Chinese, Japanese, North Indian, Thai",3
"Continental, Chinese, Mexican, North Indian",3.8
"Continental, Chinese, North Indian",3.042857143
"Continental, Chinese, North Indian, Healthy Food",3.2
"Continental, Chinese, North Indian, Indian",0
"Continental, Chinese, North Indian, Mughlai",3.1
"Continental, Chinese, Thai",4.1
"Continental, Chinese, Thai, Malaysian, North Indian",3.8
"Continental, Chinese, Thai, Mediterranean",3.4
"Continental, Chinese, Thai, Mughlai, North Indian",3.85
"Continental, European",3.9
"Continental, European, Asian, North Indian, Chinese, Italian",4.1
"Continental, European, North Indian",2.6
"Continental, European, North Indian, French",4
"Continental, Fast Food",3.266666667
"Continental, Fast Food, Asian, Italian",3.8
"Continental, Fast Food, Chinese, Charcoal Grill, Mexican",4
"Continental, Fast Food, Desserts, Indian",3.8
"Continental, Fast Food, Italian",2.1
"Continental, Fast Food, North Indian, Asian",3.6
"Continental, Fast Food, Tea",3.9
"Continental, Finger Food",3.4
"Continental, Finger Food, Chinese, North Indian",3.8
"Continental, Goan, Seafood, North Indian",4.5
"Continental, Healthy Food",3.75
"Continental, Indian",4.9
"Continental, Italian",3.538461538
"Continental, Italian, American",4.1
"Continental, Italian, American, North Indian",3.3
"Continental, Italian, Asian, Indian",4.7
"Continental, Italian, Chinese",4.1
"Continental, Italian, Fast Food",0
"Continental, Italian, Mediterranean",3.8
"Continental, Italian, Mediterranean, Asian",4.1
"Continental, Italian, Mexican",3.4
"Continental, Italian, North Indian",3.616666667
"Continental, Italian, North Indian, American",3.5
"Continental, Italian, North Indian, Chinese",4
"Continental, Italian, North Indian, Chinese, Lebanese",3.8
"Continental, Italian, North Indian, Lebanese",2.8
"Continental, Italian, North Indian, Lebanese, Thai",4
"Continental, Italian, North Indian, Mughlai",4.4
"Continental, Italian, Pizza, Asian",4.6
"Continental, Italian, Thai, Finger Food",4
"Continental, Juices, Cafe, Desserts, Salad, Italian",4.2
"Continental, Kashmiri, Italian, North Indian, Moroccan",3.6
"Continental, Kerala",4.5
"Continental, Lebanese, Mexican",0
"Continental, Mediterranean, Italian, North Indian",4
"Continental, Mexican",4.6
"Continental, Mexican, American, Fast Food, Italian, Chinese",3.9
"Continental, Mexican, American, Italian, North Indian",3.7
"Continental, Mexican, Beverages, Desserts, North Indian, Chinese, Rajasthani",4
"Continental, Mexican, Burger, American, Pizza, Tex-Mex",4.1
"Continental, Mexican, Fast Food, Chinese",3.5
"Continental, Mexican, Fast Food, North Indian, Chinese",3.1
"Continental, Mexican, Italian",3.6
"Continental, Mexican, Mediterranean",3
"Continental, Mexican, North Indian, Chinese",3.7
"Continental, Middle Eastern, Asian",4.8
"Continental, Modern Indian, Asian",4
"Continental, North Indian",3.423076923
"Continental, North Indian, American, Italian, Mexican",4.3
"Continental, North Indian, Asian",3.54
"Continental, North Indian, Chinese",3.54
"Continental, North Indian, Chinese, Arabian, Thai",4.3
"Continental, North Indian, Chinese, Asian",4.1
"Continental, North Indian, Chinese, Cafe",3.5
"Continental, North Indian, Chinese, European, Asian",3.9
"Continental, North Indian, Chinese, Italian",4.2
"Continental, North Indian, Chinese, Italian, Finger Food",3.6
"Continental, North Indian, Chinese, Mediterranean",4.1
"Continental, North Indian, Chinese, Mughlai, Asian",3.8
"Continental, North Indian, European",3.7
"Continental, North Indian, European, Asian",4
"Continental, North Indian, European, Finger Food",4.2
"Continental, North Indian, Fast Food, Street Food, South Indian",0
"Continental, North Indian, Finger Food",3.4
"Continental, North Indian, Italian",3.666666667
"Continental, North Indian, Italian, Asian",3.85
"Continental, North Indian, Italian, Chinese",4.2
"Continental, North Indian, Italian, Seafood, Goan",3.5
"Continental, North Indian, Mexican",3.2
"Continental, North Indian, Mughlai, Burmese",4.3
"Continental, North Indian, Mughlai, Chinese",3.2
"Continental, North Indian, Mughlai, Italian",4.1
"Continental, North Indian, South Indian",1.9
"Continental, North Indian, South Indian, Italian",3.9
"Continental, North Indian, Thai, Chinese",4.3
"Continental, Seafood, Burger, South African, Finger Food, Grill",4
"Continental, Seafood, Chinese, North Indian, Biryani",3.6
"Continental, Seafood, Goan, Andhra, Kerala, Thai",4.2
"Continental, Seafood, North Indian",3.3
"Continental, Seafood, North Indian, Asian",3.6
"Continental, South African, Beverages, Desserts, Seafood, Grill, Ice Cream, International",4.5
"Continental, South Indian",3.8
"Continental, Tex-Mex",3.8
"Continental, Thai, Chinese, North Indian",3.2
"Cuban, Spanish",4.4
Cuisine Varies,0
Desserts,2.71509434
"Desserts, American",4
"Desserts, Bakery",3.272727273
"Desserts, Bakery, Fast Food",3.333333333
"Desserts, Bakery, Pizza, Burger, Continental",3.6
"Desserts, Bakery, Western",4.6
"Desserts, Bar Food",4.7
"Desserts, Beverages",2.864285714
"Desserts, Beverages, Juices",3.7
"Desserts, B�_rek",4.7
"Desserts, Cafe",4.266666667
"Desserts, Cafe, Mexican",4.7
"Desserts, Fast Food",3.216666667
"Desserts, Fast Food, Chinese",3.2
"Desserts, Fast Food, Ice Cream",4
"Desserts, Greek, Sandwich",4.3
"Desserts, Ice Cream",3.296153846
"Desserts, Ice Cream, Fast Food",1
"Desserts, Ice Cream, North Indian",3.5
"Desserts, Ice Cream, Pizza",0
"Desserts, Italian, Pizza",4.1
"Desserts, Latin American, Argentine",4.1
"Desserts, Middle Eastern, Turkish",3.9
"Desserts, Mithai",2.9
"Desserts, North Indian",0
"Desserts, North Indian, Chinese, South Indian, Fast Food, Street Food",3.9
"Desserts, Pizza, Ice Cream",3.5
"Desserts, Sandwich",4.05
"Desserts, Sandwich, Ice Cream",4.6
"Desserts, Sandwich, Southern",3.9
"Desserts, Street Food",2.185714286
"Desserts, Thai",3.7
Drinks Only,1.75
European,3.314285714
"European, American",4.1
"European, American, Street Food",1.85
"European, Arabian, Japanese, Bakery, Desserts",3.9
"European, Asian",4.3
"European, Asian, Indian",4.9
"European, Asian, Mediterranean, Modern Indian, Desserts, Finger Food",4.1
"European, Asian, North Indian, Italian, Continental, Pizza",4.1
"European, Cafe",4.2
"European, Cafe, Italian",4.3
"European, Chinese",3.8
"European, Chinese, North Indian, Italian",4.05
"European, Contemporary",4.9
"European, Continental",3.66
"European, Continental, North Indian",3.55
"European, Continental, Pizza",4.2
"European, Desserts",4.2
"European, German",4.9
"European, International, Tapas",4.4
"European, Italian",3.75
"European, Italian, Cafe",4.1
"European, Italian, Desserts",4.2
"European, Italian, Mediterranean",4.2
"European, Italian, North Indian",4.1
"European, Italian, Thai, Chinese, North Indian",3.2
"European, Lebanese, Mediterranean",4.2
"European, Mediterranean, Contemporary",4.2
"European, Mediterranean, North Indian",4.8
"European, North Indian",3.55
"European, North Indian, Chinese",2.2
"European, North Indian, Continental, Italian",3.7
"European, North Indian, Mediterranean, American",4.5
"European, Pizza",4.1
"European, South African",4.6
"European, South African, Steak",4.5
"European, Spanish",4.3
"European, Sushi, Italian",3
Fast Food,2.118361582
"Fast Food, American",3.75
"Fast Food, American, Burger",4
"Fast Food, American, Italian",3.65
"Fast Food, American, Salad, Healthy Food",3.4
"Fast Food, Bakery",2.566666667
"Fast Food, Beverages",2.327272727
"Fast Food, Beverages, Desserts",2.1
"Fast Food, Biryani",4
"Fast Food, Burger",3.403571429
"Fast Food, Cafe",3.2
"Fast Food, Cafe, Desserts, Bakery",3.9
"Fast Food, Cafe, Italian, North Indian, Chinese",3.2
"Fast Food, Chinese",2.112195122
"Fast Food, Chinese, Bakery",3.3
"Fast Food, Chinese, Bengali",3.3
"Fast Food, Chinese, Burger",0
"Fast Food, Chinese, Italian",3.1
"Fast Food, Chinese, Mithai, Street Food",2.9
"Fast Food, Chinese, North Indian",3.4
"Fast Food, Continental, Italian, Bakery",3.2
"Fast Food, Desserts",2.35
"Fast Food, Desserts, Beverages",0
"Fast Food, Desserts, Ice Cream, Beverages",2.6
"Fast Food, French",3
"Fast Food, Healthy Food",3.7
"Fast Food, Italian",2.4
"Fast Food, Italian, Beverages",3.5
"Fast Food, Italian, Chinese",4
"Fast Food, Italian, Desserts, Beverages",3.3
"Fast Food, Italian, North Indian, Chinese",3.3
"Fast Food, Italian, Pizza",3.525
"Fast Food, Maharashtrian, North Indian",2.7
"Fast Food, Mexican, Tex-Mex",3.6
"Fast Food, Mithai, Bakery",3.3
"Fast Food, Mughlai",0
"Fast Food, Mughlai, Armenian",0
"Fast Food, North Indian",2.373913043
"Fast Food, North Indian, Bakery",3.1
"Fast Food, North Indian, Beverages",1.9
"Fast Food, North Indian, Chinese",2.754545455
"Fast Food, North Indian, Chinese, Desserts",2.8
"Fast Food, North Indian, Chinese, Desserts, Ice Cream",2.5
"Fast Food, North Indian, Chinese, South Indian, Ice Cream",2.7
"Fast Food, North Indian, Desserts, Ice Cream",2.75
"Fast Food, North Indian, Mughlai",4
"Fast Food, North Indian, South Indian",0.733333333
"Fast Food, North Indian, South Indian, Chinese",2.7
"Fast Food, North Indian, South Indian, Chinese, Bakery",3.2
"Fast Food, North Indian, South Indian, Chinese, Street Food, Mithai",3.3
"Fast Food, Pizza",2.027272727
"Fast Food, Pizza, Burger",3.6
"Fast Food, Raw Meats",0
"Fast Food, Seafood",3.7
"Fast Food, South Indian",2.1
"Fast Food, South Indian, Chinese",3.2
"Fast Food, South Indian, Chinese, Mithai",2.9
"Fast Food, South Indian, Mithai",0
"Fast Food, Street Food",2.266666667
"Fast Food, Street Food, Beverages",1.65
"Fast Food, Street Food, Chinese",2.9
"Fast Food, Street Food, South Indian",4.4
"Fast Food, Tea",2.8
"Fast Food, Turkish",3.8
Filipino,4.5
"Filipino, Japanese, Asian",4.5
"Filipino, Mexican",4.85
Finger Food,2.875510204
"Finger Food, American, Continental, North Indian, Italian",4.6
"Finger Food, Continental, Italian",3.7
"Finger Food, Continental, Italian, Chinese",3.6
"Finger Food, Continental, North Indian",3.8
"Finger Food, Continental, North Indian, Chinese",3.1
"Finger Food, Continental, North Indian, Italian, Chinese",3.7
"Finger Food, European",3.2
"Finger Food, European, North Indian",3.5
"Finger Food, Italian",3.5
"Finger Food, Italian, Middle Eastern",3.7
"Finger Food, Italian, North Indian",4.1
"Finger Food, Italian, Spanish, Greek",4.1
"Finger Food, North Indian",3.7
"Finger Food, North Indian, Chinese",2.066666667
"Finger Food, North Indian, Continental, Chinese, Italian",3
"Finger Food, North Indian, Continental, Italian",3.7
"Finger Food, North Indian, Continental, Italian, Mediterranean",4
"Finger Food, North Indian, Italian",3.44
"Finger Food, North Indian, Italian, Continental, Thai, South Indian",4.5
"Finger Food, North Indian, Italian, European, Continental",4.1
French,4.185714286
"French, Brazilian, Beverages",4.6
"French, Continental, North Indian",3.5
"French, Italian",3.8
"French, Japanese, Desserts",4.8
"French, Kiwi",4.4
"French, Mediterranean, European",3.8
"French, Western",4.3
German,4.166666667
"German, Ice Cream",3.9
Goan,3.25
"Goan, American, Portuguese",3.8
"Goan, Chinese, Indian, North Indian",4.3
"Goan, Mangalorean, Continental, French",3.5
"Goan, North Indian, Chinese",3.8
"Goan, Seafood",3.7
"Goan, Seafood, Chinese",4.2
"Goan, Seafood, Chinese, North Indian",4.4
"Goan, Seafood, North Indian",4.5
"Gourmet Fast Food, Burger",4.3
Greek,4.7
"Greek, Italian",3.8
"Greek, Lebanese",4.2
"Greek, Mediterranean",3.6
"Greek, Mediterranean, Middle Eastern",0
"Greek, Mediterranean, Vegetarian",4.2
"Grill, Burger",4.1
"Grill, Steak, Burger, Sushi, Tapas",4.3
Gujarati,3.833333333
"Gujarati, Rajasthani",3.25
"Gujarati, Rajasthani, North Indian, Fast Food",3.8
"Gujarati, South Indian, North Indian",3.7
Hawaiian,4.5
"Hawaiian, Seafood",4.9
"Hawaiian, Seafood, Steak",4.333333333
Healthy Food,2.713333333
"Healthy Food, American, Burger, Salad",3.4
"Healthy Food, Beverages",2.65
"Healthy Food, Cafe, Desserts, Italian, Bakery",3.8
"Healthy Food, Continental",3.475
"Healthy Food, Continental, Italian",4
"Healthy Food, Continental, Juices, Beverages, Italian, Salad, Lebanese",4
"Healthy Food, Continental, Juices, Salad",3.55
"Healthy Food, Continental, North Indian, Salad",3.5
"Healthy Food, European, Continental, Salad",3.6
"Healthy Food, Fast Food",3.9
"Healthy Food, Fast Food, Salad",3.2
"Healthy Food, Italian, Juices, Beverages",3.7
"Healthy Food, Juices",1.65
"Healthy Food, Juices, Salad",3.7
"Healthy Food, Juices, Salad, Italian, Continental",4.05
"Healthy Food, North Indian",3.6
"Healthy Food, North Indian, Beverages",3.7
"Healthy Food, North Indian, Chinese, Continental",3.7
"Healthy Food, North Indian, Continental",4
"Healthy Food, North Indian, Italian, Salad",3.4
"Healthy Food, Salad",3.7
"Healthy Food, Salad, Italian, Continental",3.9
"Healthy Food, Seafood, Beverages, Belgian, Contemporary, Desserts, Finger Food, International",4.2
Hyderabadi,2.85
"Hyderabadi, Awadhi",4.1
"Hyderabadi, Biryani",0
"Hyderabadi, Biryani, North Indian",4.2
"Hyderabadi, Fast Food",3.9
"Hyderabadi, North Indian",3.3
"Hyderabadi, North Indian, Biryani",3.7
Ice Cream,2.090540541
"Ice Cream, Bakery",0
"Ice Cream, Beverages",2.466666667
"Ice Cream, Beverages, Fast Food",1.033333333
"Ice Cream, Desserts",2.774698795
"Ice Cream, Desserts, Beverages",2.833333333
"Ice Cream, Desserts, Cafe",3.1
"Ice Cream, Desserts, Continental",4.5
"Ice Cream, Desserts, Fast Food",3
"Ice Cream, Desserts, North Indian, Street Food",3.8
"Ice Cream, Fast Food, Beverages",3.6
"Ice Cream, Mithai, North Indian, Street Food",4.3
"Ice Cream, Street Food",2.9
Indian,4.25
"Indian, Asian",4.4
"Indian, Asian, Durban, International, Desserts",4.3
"Indian, Cafe",3.8
"Indian, Cafe, Curry",4.5
"Indian, Chinese, Continental",3.6
"Indian, Continental",4.8
"Indian, Curry",4.3
"Indian, Grill",3.7
"Indian, International, Vegetarian",3.8
"Indian, Mediterranean, Middle Eastern",4.6
"Indian, Middle Eastern",3.5
"Indian, Mughlai, South Indian, Biryani",4.1
"Indian, North Indian",4.733333333
"Indian, North Indian, Chinese",4.15
"Indian, North Indian, Curry, Cafe",4.7
"Indian, North Indian, Mughlai, Biryani",4
"Indian, North Indian, South Indian, Chinese",3.9
"Indian, North Indian, Street Food",4.4
"Indian, Pakistani",4
"Indian, Pakistani, Curry",4.7
"Indian, Persian",0
"Indian, Rajasthani",4.1
"Indian, Seafood",3.6
"Indian, South Indian",3.7
"Indian, Street Food",3.966666667
Indonesian,3.7
International,4.233333333
"International, Indian",4.5
"International, Italian, Southern",4.8
"International, Mediterranean, Sandwich",4.5
"International, Pizza",3.8
"International, Southern",4.1
"International, Southern, Vegetarian",4.2
"International, Tapas, Vegetarian",4.5
Irish,4.3
Italian,3.657407407
"Italian, American, Lebanese",4.3
"Italian, American, Pizza",4.8
"Italian, Bakery, Continental",4.9
"Italian, Burger, Charcoal Grill",3.8
"Italian, Cafe",4.2
"Italian, Cafe, Chinese, Continental",4.3
"Italian, Cafe, Desserts",3.7
"Italian, Chinese",0
"Italian, Chinese, Continental, Thai, Mediterranean, Lebanese",3.725
"Italian, Chinese, Fast Food, North Indian",3.7
"Italian, Chinese, Mexican, Thai, North Indian",4
"Italian, Chinese, North Indian",3.45
"Italian, Continental",3.683333333
"Italian, Continental, American",0
"Italian, Continental, Cafe",4.15
"Italian, Continental, Chinese",4.1
"Italian, Continental, Chinese, Mexican",4.1
"Italian, Continental, Chinese, North Indian",3.3
"Italian, Continental, European, Cafe",4.475
"Italian, Continental, Fast Food, Chinese",3.4
"Italian, Continental, Fast Food, North Indian",0
"Italian, Continental, Finger Food",3.3
"Italian, Continental, Goan",3.7
"Italian, Continental, Mexican, Cafe, Bakery",4.4
"Italian, Continental, Mexican, Japanese, American, British",3.9
"Italian, Continental, Mexican, Lebanese",4.1
"Italian, Continental, Mexican, North Indian",3.9
"Italian, Continental, North Indian",3.9
"Italian, Continental, North Indian, Cafe",4.2
"Italian, Continental, North Indian, Chinese",3
"Italian, Deli",4.9
"Italian, European",3.15
"Italian, European, Cafe",4
"Italian, Fast Food",2.5
"Italian, Fast Food, North Indian, Chinese",3.3
"Italian, Fast Food, South Indian",0
"Italian, French",4.1
"Italian, French, Bakery, Cafe",3.2
"Italian, French, Cafe",4.5
"Italian, French, European, Cafe",3.7
"Italian, Fusion, Cafe",3.8
"Italian, German, Continental",4
"Italian, Lebanese, Fast Food, Bakery",3.6
"Italian, Lebanese, Mexican",3.6
"Italian, Lebanese, North Indian",3.5
"Italian, Mediterranean",3.8
"Italian, Mediterranean, Continental, North Indian",4.1
"Italian, Mediterranean, Pizza",4.133333333
"Italian, Mediterranean, Sushi, Desserts",4.1
"Italian, Mexican",3.5
"Italian, Mexican, American, Mediterranean",4.2
"Italian, Mexican, Cafe",3.6
"Italian, Mexican, Chinese",3.8
"Italian, Mexican, Chinese, Thai, North Indian",4
"Italian, Mexican, Continental",4.4
"Italian, Mexican, Continental, North Indian, Finger Food",4
"Italian, Mexican, Lebanese, Continental",3.8
"Italian, Mexican, Mediterranean",4.2
"Italian, Mexican, Spanish, Thai, Vietnamese, Indonesian, American",4.3
"Italian, North Indian",1.7
"Italian, North Indian, Chinese",3.4
"Italian, North Indian, Chinese, Mughlai",3.75
"Italian, North Indian, Continental",3.433333333
"Italian, North Indian, Desserts",4
"Italian, North Indian, Desserts, Continental",4.1
"Italian, North Indian, South Indian",3.7
"Italian, Pizza",3.6375
"Italian, Pizza, Bakery",2.6625
"Italian, Pizza, Beverages, Desserts, Grill, Seafood",4.4
"Italian, Pizza, Cafe",3.8
"Italian, Pizza, Fast Food",2.875
"Italian, Pizza, Lebanese",3.3
"Italian, Pizza, Sandwich",4.22
"Italian, Pizza, Seafood",3.7
"Italian, Pizza, Vegetarian",3.7
"Italian, Seafood, Mediterranean, Desserts, Cafe",4.3
"Italian, Seafood, Vegetarian",4.4
"Italian, Tex-Mex, Continental, North Indian",3.9
"Italian, World Cuisine",3.7
Japanese,3.535294118
"Japanese, American, North Indian, Fast Food",3.5
"Japanese, Asian",3.85
"Japanese, Asian, Seafood, Sushi",4
"Japanese, Chinese",3.4
"Japanese, Chinese, Asian, Malaysian, Thai, Vietnamese",3.15
"Japanese, Chinese, Asian, Thai",3.7
"Japanese, Chinese, Malaysian, Thai, Vietnamese",3.3
"Japanese, Chinese, Thai",3.7
"Japanese, Chinese, Thai, Malaysian, Burmese, Asian",4.1
"Japanese, French",3.1
"Japanese, Korean",4.1
"Japanese, Seafood, Sushi",4.2
"Japanese, Steak",3.9
"Japanese, Steak, Sushi",3.725
"Japanese, Sushi",4.044444444
"Japanese, Sushi, Asian",3.9
"Japanese, Sushi, Ramen",4.4
"Japanese, Sushi, Teriyaki",4.1
"Japanese, Sushi, Thai",3.8
"Japanese, Thai, Chinese",3
"Japanese, Thai, Italian, Asian",3.65
"Japanese, Thai, Sushi",3.9
"Japanese, Tibetan, Vietnamese, Korean",3.8
Juices,0.8
"Juices, Beverages",3.5
"Juices, Beverages, Fast Food",3
"Juices, Beverages, Healthy Food",4.3
"Juices, Desserts",4
"Juices, Fast Food",0
"Juices, Healthy Food",4.35
Kashmiri,2.5
"Kashmiri, Chinese",3.1
"Kashmiri, Chinese, Mughlai",3.3
"Kashmiri, Mughlai",4.2
"Kashmiri, North Indian",2.9
"Kashmiri, North Indian, Mughlai, South Indian, Maharashtrian, Gujarati",4.4
Kebab,4.55
"Kebab, Desserts, Turkish Pizza",4.3
"Kebab, Izgara",4.4
"Kebab, Turkish Pizza",4.325
"Kebab, Turkish Pizza, D�_ner",4.4
Kerala,2.9
"Kerala, Biryani",3.75
"Kerala, Fast Food",3.7
"Kerala, Indian, Chinese, Bakery",4
"Kerala, South Indian",2.266666667
"Kerala, South Indian, Chinese, Biryani",3.5
"Kerala, South Indian, Continental, North Indian, Seafood, Chinese",4.3
"Kiwi, European",4.2
Korean,3.716666667
"Korean, Beverages, Desserts",3.9
"Korean, Chinese",3
"Korean, Japanese, Chinese, Asian",3.6
Latin American,4.3
"Latin American, Italian",4
"Latin American, Mexican",3.2
"Latin American, Mexican, Southwestern",4.4
"Latin American, Steak",4.1
Lebanese,3.522222222
"Lebanese, Arabian",3.766666667
"Lebanese, Arabian, Middle Eastern",4
"Lebanese, Arabian, Moroccan",1.5
"Lebanese, Chinese",3.2
"Lebanese, Chinese, Fast Food",2.4
"Lebanese, Italian",4.3
"Lebanese, Mediterranean, Arabian",3.5
"Lebanese, Mediterranean, Middle Eastern, Arabian",3.866666667
"Lebanese, North Indian",3.4
"Lebanese, North Indian, Fast Food",0
Lucknowi,2.4
"Lucknowi, Biryani",3.1
"Lucknowi, Mughlai",2.2
"Lucknowi, Mughlai, North Indian",0
Maharashtrian,3.533333333
Malaysian,4.2
"Malaysian, Indonesian",4.4
"Malaysian, North Indian, Sri Lankan",3.5
"Malaysian, Thai",3.6
"Malaysian, Thai, Kerala, Vietnamese, Sri Lankan",4
"Malwani, North Indian, Chinese, Seafood",3.5
Mediterranean,3.025
"Mediterranean, American, Asian",3.65
"Mediterranean, Asian, Continental, North Indian, Arabian",4.6
"Mediterranean, Cafe, European",4.2
"Mediterranean, Chinese, Continental",4.3
"Mediterranean, Continental",4.2
"Mediterranean, Continental, Italian",3.7
"Mediterranean, Continental, North Indian, Italian",3.5
"Mediterranean, European",3.1
"Mediterranean, European, American, North Indian",3.8
"Mediterranean, Italian",4.333333333
"Mediterranean, Italian, American",4.3
"Mediterranean, Italian, Continental, Spanish, North Indian",3.55
"Mediterranean, Italian, European",4.15
"Mediterranean, Italian, Thai, European",3.9
"Mediterranean, Mexican, North Indian, American",4.1
"Mediterranean, Mughlai, Thai, North Indian, Chinese",3.5
"Mediterranean, Seafood",4.4
"Mediterranean, Tapas, Vegetarian",4
"Mediterranean, Turkish",4.2
Mexican,3.636111111
"Mexican, American",4.2
"Mexican, American, Healthy Food",4.9
"Mexican, American, Italian",4.2
"Mexican, American, Tex-Mex",4.5
"Mexican, American, Tex-Mex, Burger",4.7
"Mexican, Fast Food",3.866666667
"Mexican, Grill",4.3
"Mexican, Italian",1.55
"Mexican, Italian, American",3.9
"Mexican, Italian, Fast Food",3.4
"Mexican, Italian, North Indian, Chinese",3.6
"Mexican, Italian, North Indian, Continental, Asian",3.3
"Mexican, Lebanese, Italian, Continental, Thai",3.1
"Mexican, North Indian",3.7
"Mexican, North Indian, European, Chinese, Italian",3.4
"Mexican, Southwestern, Sushi",4.2
"Mexican, Southwestern, Tex-Mex",4.2
"Mexican, Spanish",4.1
"Mexican, Tex-Mex",3.9
"Mexican, Vegetarian",4.5
"Middle Eastern, Arabian",4.2
"Middle Eastern, Mediterranean, North Indian",3.4
Mithai,1.626760563
"Mithai, Bakery",1.033333333
"Mithai, Bakery, North Indian",0
"Mithai, Bakery, Street Food",2.8
"Mithai, Bakery, Street Food, Chinese, South Indian",3
"Mithai, Beverages",3.4
"Mithai, Chinese",0.933333333
"Mithai, Chinese, Street Food",3.8
"Mithai, Fast Food",0.928571429
"Mithai, North Indian",2.016666667
"Mithai, North Indian, Chinese",2.9
"Mithai, North Indian, Chinese, Street Food",2.75
"Mithai, North Indian, South Indian",3.7
"Mithai, North Indian, South Indian, Chinese",3.2
"Mithai, North Indian, South Indian, Chinese, Bakery",3.3
"Mithai, North Indian, South Indian, Chinese, Fast Food",2.7
"Mithai, North Indian, South Indian, Chinese, Street Food",3
"Mithai, North Indian, South Indian, Chinese, Street Food, Bakery",0
"Mithai, North Indian, South Indian, Fast Food, Street Food, Chinese",3.8
"Mithai, North Indian, South Indian, Street Food",2.866666667
"Mithai, North Indian, South Indian, Street Food, Chinese",3.3
"Mithai, North Indian, Street Food",0
"Mithai, North Indian, Street Food, Chinese, South Indian, Indian",2.9
"Mithai, South Indian",3.3
"Mithai, South Indian, Chinese, Street Food",0
"Mithai, South Indian, Chinese, Street Food, North Indian",2.9
"Mithai, South Indian, Street Food",1.166666667
"Mithai, Street Food",1.893103448
"Mithai, Street Food, Chinese",2.95
"Mithai, Street Food, Fast Food",1.4
"Mithai, Street Food, North Indian",1.45
"Mithai, Street Food, North Indian, South Indian",0
"Mithai, Street Food, North Indian, South Indian, Chinese",2.7
"Mithai, Street Food, North Indian, South Indian, Chinese, Fast Food, Beverages",3.2
"Mithai, Street Food, South Indian, Chinese, North Indian",2.7
Modern Australian,2.9
"Modern Australian, Australian",4.4
Modern Indian,4.345454545
"Modern Indian, Asian",3.9
"Modern Indian, North Indian",4.35
Mughlai,1.56407767
"Mughlai, Afghani",2.8
"Mughlai, Biryani",2.5375
"Mughlai, Chinese",1.516666667
"Mughlai, Chinese, Cafe, BBQ, Cajun",3.6
"Mughlai, Chinese, North Indian",3.35
"Mughlai, Continental, Chinese",3.1
"Mughlai, Fast Food",1.34
"Mughlai, Fast Food, North Indian",2.4
"Mughlai, Hyderabadi",4.1
"Mughlai, Italian, Finger Food, Middle Eastern",3.3
"Mughlai, Lucknowi",4.9
"Mughlai, Lucknowi, Awadhi",3.1
"Mughlai, North Indian",2.091666667
"Mughlai, North Indian, Bengali, Continental",2.7
"Mughlai, North Indian, Chinese",2.983333333
"Mughlai, North Indian, South Indian",3.9
"Mughlai, Pakistani, North Indian",3.8
"Mughlai, Street Food",4.4
Naga,3.6
"Naga, Chinese",3.1
"Naga, Tibetan",3.4
"Naga, Tibetan, Chinese, Bakery",3
Nepalese,1.333333333
"Nepalese, Tibetan",0
New American,3.6
"New American, Tapas",4.6
North Eastern,1.85
"North Eastern, Continental, South Indian, Fast Food",3.5
"North Eastern, North Indian",3
"North Eastern, North Indian, Chinese",0
North Indian,1.67232906
"North Indian, Afghani",2.6
"North Indian, Afghani, Mughlai",4.3
"North Indian, American, Asian, Biryani",4.7
"North Indian, American, Chinese",4.1
"North Indian, American, Italian",2.8
"North Indian, Andhra, Chettinad, Bengali, Mughlai, Chinese",4.1
"North Indian, Andhra, Mughlai",3.7
"North Indian, Asian",4.2
"North Indian, Asian, Continental",3.475
"North Indian, Asian, European",3.95
"North Indian, Asian, Italian",4
"North Indian, Awadhi",0
"North Indian, Bengali",2.275
"North Indian, Beverages",2.7
"North Indian, Biryani",2.253333333
"North Indian, Biryani, Chinese",3
"North Indian, Biryani, Chinese, Fast Food",3.66
"North Indian, Biryani, Fast Food",2.6
"North Indian, Biryani, Fast Food, Chinese",2.7
"North Indian, Biryani, Mughlai",3.3
"North Indian, Cafe",3.4
"North Indian, Cafe, Italian, Mexican, Continental",3.8
"North Indian, Chinese",2.421722114
"North Indian, Chinese, Arabian",3.8
"North Indian, Chinese, Bakery",2.2
"North Indian, Chinese, Biryani",2.7
"North Indian, Chinese, Cafe",3.633333333
"North Indian, Chinese, Continental",3.036923077
"North Indian, Chinese, Continental, Desserts, Fast Food, Sandwich",3.8
"North Indian, Chinese, Continental, Fast Food",3.575
"North Indian, Chinese, Continental, Goan, Seafood",3.8
"North Indian, Chinese, Continental, Italian",3.608333333
"North Indian, Chinese, Continental, Italian, Burger",3.4
"North Indian, Chinese, Continental, Italian, Mexican",3.4
"North Indian, Chinese, Continental, Italian, Mexican, Lebanese",3.5
"North Indian, Chinese, Continental, Mediterranean, Asian",3.7
"North Indian, Chinese, Continental, Mughlai",1.7
"North Indian, Chinese, Continental, Pizza",3.7
"North Indian, Chinese, Continental, Rajasthani",4.5
"North Indian, Chinese, Continental, Seafood",3.4
"North Indian, Chinese, Continental, Thai",3.4
"North Indian, Chinese, Fast Food",2.720588235
"North Indian, Chinese, Fast Food, Cafe",3.9
"North Indian, Chinese, Fast Food, Desserts",2.9
"North Indian, Chinese, Fast Food, Mithai",2.9
"North Indian, Chinese, Fast Food, South Indian",2.9
"North Indian, Chinese, Fast Food, Street Food",3.15
"North Indian, Chinese, Finger Food",3.3
"North Indian, Chinese, Italian",3.125
"North Indian, Chinese, Italian, American, Middle Eastern",4.2
"North Indian, Chinese, Italian, Continental",3.5125
"North Indian, Chinese, Italian, Fast Food",2.9
"North Indian, Chinese, Italian, Finger Food",3.4
"North Indian, Chinese, Italian, Lebanese, Mexican",4
"North Indian, Chinese, Italian, Mediterranean",3.6
"North Indian, Chinese, Italian, Mexican",4
"North Indian, Chinese, Italian, Mexican, Lebanese",4
"North Indian, Chinese, Italian, Street Food, Desserts",4.3
"North Indian, Chinese, Italian, Thai",0
"North Indian, Chinese, Kashmiri",0
"North Indian, Chinese, Mediterranean",4.6
"North Indian, Chinese, Mediterranean, Asian, Continental",3.9
"North Indian, Chinese, Mexican, Beverages",3.8
"North Indian, Chinese, Mexican, Italian",4.4
"North Indian, Chinese, Mexican, Italian, Thai, Lebanese",4.4
"North Indian, Chinese, Mexican, Lebanese, Italian, Fast Food",2.5
"North Indian, Chinese, Mughlai",2.74
"North Indian, Chinese, Mughlai, Continental",3.5
"North Indian, Chinese, Mughlai, Fast Food",2.55
"North Indian, Chinese, Mughlai, Italian",3.8
"North Indian, Chinese, Mughlai, South Indian",3.1
"North Indian, Chinese, Raw Meats",3.05
"North Indian, Chinese, Seafood",3.4
"North Indian, Chinese, Seafood, Chettinad",3.5
"North Indian, Chinese, South Indian",1.938235294
"North Indian, Chinese, South Indian, Bakery",2.9
"North Indian, Chinese, South Indian, Chinese",3.7
"North Indian, Chinese, South Indian, Fast Food",2.69
"North Indian, Chinese, South Indian, Italian",3.9
"North Indian, Chinese, South Indian, Mithai",3.04
"North Indian, Chinese, South Indian, Seafood, Chettinad",3.65
"North Indian, Chinese, South Indian, Street Food, Fast Food, Mithai",3.4
"North Indian, Chinese, South Indian, Street Food, Mithai",2.4
"North Indian, Chinese, Sri Lankan",2.4
"North Indian, Chinese, Street Food",2.983333333
"North Indian, Chinese, Street Food, Fast Food",2.5
"North Indian, Chinese, Street Food, Mithai",3.4
"North Indian, Chinese, Thai",3.58
"North Indian, Chinese, Thai, Continental",3.6
"North Indian, Chinese, Thai, Italian, Middle Eastern",3.5
"North Indian, Chinese, Thai, Mexican, Italian",3.9
"North Indian, Chinese, Tibetan",0
"North Indian, Chinese, Tibetan, Italian, Fast Food",3.2
"North Indian, Chinese, Turkish",3.8
"North Indian, Continental",3.264285714
"North Indian, Continental, Asian",3.7375
"North Indian, Continental, Asian, Chinese, Thai",3.6
"North Indian, Continental, Asian, Italian",3.9
"North Indian, Continental, Beverages, Italian, Burger, Healthy Food, Mediterranean",4.5
"North Indian, Continental, Chinese",2.722222222
"North Indian, Continental, Chinese, Fast Food",2.7
"North Indian, Continental, Chinese, Italian",3.833333333
"North Indian, Continental, Chinese, Italian, Lebanese",3.7
"North Indian, Continental, Chinese, Italian, Mexican",4.3
"North Indian, Continental, Chinese, Italian, Thai, Mughlai",3.8
"North Indian, Continental, Chinese, Japanese, Italian, Thai",3.9
"North Indian, Continental, Chinese, Mexican, Italian, Desserts",2.6
"North Indian, Continental, Chinese, Seafood",4.3
"North Indian, Continental, Chinese, South Indian",3.7
"North Indian, Continental, European",3.5
"North Indian, Continental, European, American, Mediterranean",4.2
"North Indian, Continental, European, Chinese, Thai",4.3
"North Indian, Continental, Fast Food",3.166666667
"North Indian, Continental, Finger Food",3.75
"North Indian, Continental, Goan",4.25
"North Indian, Continental, Italian",3.422222222
"North Indian, Continental, Italian, Asian",4
"North Indian, Continental, Italian, Chinese",4
"North Indian, Continental, Italian, Finger Food",3.8
"North Indian, Continental, Italian, Thai, Chinese",3.4
"North Indian, Continental, Lebanese",3.5
"North Indian, Continental, Mexican, Italian",3.95
"North Indian, Continental, Mughlai",3
"North Indian, Continental, Mughlai, Asian",4.033333333
"North Indian, Continental, Salad",3.6
"North Indian, Continental, South Indian, Chinese",0
"North Indian, Continental, South Indian, Chinese, Thai, Asian",4.2
"North Indian, Continental, Thai, Chinese",3.5
"North Indian, European",3.62
"North Indian, European, Asian",3.7
"North Indian, European, Asian, Mediterranean",3.75
"North Indian, European, Chinese",3.4
"North Indian, European, Continental",3.9
"North Indian, European, Continental, Finger Food",3.9
"North Indian, European, Mediterranean",4.46
"North Indian, European, Mediterranean, Asian",3.8
"North Indian, European, South Indian",3.6
"North Indian, Fast Food",2.421621622
"North Indian, Fast Food, Afghani",3
"North Indian, Fast Food, Bihari",3.1
"North Indian, Fast Food, Biryani",2.9
"North Indian, Fast Food, Chinese",2.777777778
"North Indian, Fast Food, Chinese, Biryani, Mughlai",3.8
"North Indian, Fast Food, Chinese, Continental",2.9
"North Indian, Fast Food, Chinese, Japanese, Asian, Italian",2.9
"North Indian, Fast Food, Chinese, Mithai",2.7
"North Indian, Fast Food, Chinese, South Indian",3.2
"North Indian, Fast Food, Continental",3.4
"North Indian, Fast Food, Italian, Asian",4.033333333
"North Indian, Fast Food, Italian, Chinese, Cafe",3.8
"North Indian, Fast Food, Mithai",0
"North Indian, Fast Food, Mughlai",3.333333333
"North Indian, Fast Food, South Indian",2.35
"North Indian, Fast Food, Street Food",3.7
"North Indian, Finger Food",1.5
"North Indian, Finger Food, Italian, Chinese",3.8
"North Indian, French, Continental",3.8
"North Indian, Greek, Mughlai",3.2
"North Indian, Healthy Food, Rajasthani",3.1
"North Indian, Hyderabadi",3.3
"North Indian, Hyderabadi, Kashmiri, Chinese",4
"North Indian, Indian",0
"North Indian, Italian",3.933333333
"North Indian, Italian, Asian, American",4.4
"North Indian, Italian, Asian, South Indian",4.1
"North Indian, Italian, Chinese",2.866666667
"North Indian, Italian, Chinese, American",4.4
"North Indian, Italian, Chinese, Fast Food",3.8
"North Indian, Italian, Chinese, Mexican",4.25
"North Indian, Italian, Chinese, Thai",3.4
"North Indian, Italian, Continental",2.585714286
"North Indian, Italian, Continental, Asian",4.2
"North Indian, Italian, Continental, Chinese",3.3
"North Indian, Italian, Fast Food",3.35
"North Indian, Italian, Finger Food",3.9
"North Indian, Italian, Mexican",2.7
"North Indian, Italian, Mexican, Asian",3.8
"North Indian, Italian, Mexican, Chettinad, Chinese, Lebanese",3.9
"North Indian, Italian, Parsi, Asian, Kerala",4.4
"North Indian, Japanese, Italian",4.3
"North Indian, Kashmiri",3.2
"North Indian, Kashmiri, Chinese, Thai, Korean",3.9
"North Indian, Kashmiri, Mughlai",2.6
"North Indian, Kerala, Chinese, Continental",4.2
"North Indian, Lebanese, European, Mexican",3.9
"North Indian, Lebanese, Mexican, Asian, Italian, American, European",4
"North Indian, Lucknowi",0
"North Indian, Maharashtrian",3.7
"North Indian, Mangalorean, Chinese",4
"North Indian, Mediterranean, Asian",3.833333333
"North Indian, Mediterranean, Asian, Arabian",4.6
"North Indian, Mediterranean, Asian, Chinese",4.4
"North Indian, Mediterranean, Asian, Continental",3.9
"North Indian, Mediterranean, Asian, Fast Food",4.3
"North Indian, Mediterranean, Chinese",3.6
"North Indian, Mediterranean, Continental",3.4
"North Indian, Mediterranean, European, Asian, Chinese, Pizza",3.8
"North Indian, Mexican, Chinese, Italian",3.9
"North Indian, Mexican, Italian",4.3
"North Indian, Mexican, Italian, Continental",3.9
"North Indian, Middle Eastern, Pizza",4.2
"North Indian, Mithai",1.55
"North Indian, Mithai, Chinese",0
"North Indian, Mithai, Chinese, Street Food",3.8
"North Indian, Mithai, South Indian, Street Food, Chinese",2.4
"North Indian, Mithai, South Indian, Street Food, Fast Food",2.7
"North Indian, Mithai, Street Food",2.6
"North Indian, Mughlai",2.888622754
"North Indian, Mughlai, Armenian",0
"North Indian, Mughlai, Asian, Continental",3.9
"North Indian, Mughlai, Awadhi",1.6
"North Indian, Mughlai, Biryani",3.575
"North Indian, Mughlai, Biryani, Bengali",3.5
"North Indian, Mughlai, Chinese",2.568527919
"North Indian, Mughlai, Chinese, Bakery",3.7
"North Indian, Mughlai, Chinese, Continental",3.766666667
"North Indian, Mughlai, Chinese, Continental, Fast Food",2.8
"North Indian, Mughlai, Chinese, Fast Food",2.5875
"North Indian, Mughlai, Chinese, Italian",3.55
"North Indian, Mughlai, Chinese, Mangalorean",3.7
"North Indian, Mughlai, Chinese, Raw Meats",2.9
"North Indian, Mughlai, Chinese, Seafood",3.2
"North Indian, Mughlai, Chinese, South Indian",3.76
"North Indian, Mughlai, Continental",1.6
"North Indian, Mughlai, Continental, Chinese",3.7
"North Indian, Mughlai, Fast Food",2.9
"North Indian, Mughlai, Fast Food, South Indian",3.3
"North Indian, Mughlai, Hyderabadi",3.3
"North Indian, Mughlai, Italian, Chinese",3.5
"North Indian, Mughlai, Kashmiri",3.5
"North Indian, Mughlai, Lebanese",3.8
"North Indian, Mughlai, Lebanese, Arabian, Mediterranean",4
"North Indian, Mughlai, Mexican, Thai",4.1
"North Indian, Mughlai, Mughlai",0
"North Indian, Mughlai, Nepalese, Tibetan, Korean",0
"North Indian, Mughlai, Seafood",2.05
"North Indian, Mughlai, South Indian",1.65
"North Indian, Mughlai, South Indian, Chinese",3.1
"North Indian, Mughlai, South Indian, Rajasthani, Street Food",3.6
"North Indian, North Eastern, Continental",4.2
"North Indian, Rajasthani",2.6
"North Indian, Rajasthani, Asian",4
"North Indian, Rajasthani, Gujarati",0
"North Indian, Seafood",0
"North Indian, Seafood, Bengali",3.3
"North Indian, Seafood, Continental",3.4
"North Indian, Seafood, South Indian, Italian",3.8
"North Indian, South Indian",1.554285714
"North Indian, South Indian, Asian, Continental",3.6
"North Indian, South Indian, Bakery, Beverages",0
"North Indian, South Indian, Bakery, Italian",0
"North Indian, South Indian, Bihari",4.5
"North Indian, South Indian, Chinese",1.943478261
"North Indian, South Indian, Chinese, Fast Food",2.538461538
"North Indian, South Indian, Chinese, Fast Food, Bakery, Mithai",0
"North Indian, South Indian, Chinese, Fast Food, Mithai",3.1
"North Indian, South Indian, Chinese, Healthy Food, Bakery",0
"North Indian, South Indian, Chinese, Mithai",2.7
"North Indian, South Indian, Chinese, Mithai, Fast Food",3.1
"North Indian, South Indian, Chinese, Mughlai",2.4
"North Indian, South Indian, Chinese, Street Food",3.05
"North Indian, South Indian, Chinese, Street Food, Fast Food",2.6
"North Indian, South Indian, Chinese, Street Food, Fast Food, Mithai",2.4
"North Indian, South Indian, Chinese, Street Food, Fast Food, Mithai, Desserts",3.528571429
"North Indian, South Indian, Chinese, Street Food, Mithai",3.1
"North Indian, South Indian, Continental, Fast Food",3
"North Indian, South Indian, Fast Food",2.766666667
"North Indian, South Indian, Fast Food, Street Food, Chinese, Beverages, Desserts, Mithai",3.1125
"North Indian, South Indian, Fast Food, Street Food, Chinese, Beverages, Mithai",3.2
"North Indian, South Indian, Fast Food, Street Food, Chinese, Desserts, Mithai",2.8
"North Indian, South Indian, Fast Food, Street Food, Chinese, Mithai",3.4
"North Indian, South Indian, Fast Food, Street Food, Mithai",2.85
"North Indian, South Indian, Gujarati, Rajasthani",3.4
"North Indian, South Indian, Italian, Chinese",0
"North Indian, South Indian, Italian, Continental, Mediterranean, Lebanese, Desserts",3.3
"North Indian, South Indian, Mithai",0
"North Indian, South Indian, Mughlai",2.6
"North Indian, South Indian, Street Food",2.5
"North Indian, South Indian, Street Food, Bakery",4.25
"North Indian, South Indian, Street Food, Chinese, Fast Food, Mithai",2.1
"North Indian, South Indian, Street Food, Fast Food, Mithai",2.5
"North Indian, South Indian, Street Food, Mithai",3.175
"North Indian, Spanish, Mediterranean",3.9
"North Indian, Street Food",2.695454545
"North Indian, Street Food, Beverages",3.8
"North Indian, Street Food, Chinese",3.2
"North Indian, Street Food, Chinese, South Indian",2.5
"North Indian, Street Food, Chinese, South Indian, Mithai",3.6
"North Indian, Street Food, Fast Food",2.1
"North Indian, Street Food, Fast Food, Chinese, South Indian, Mithai",3
"North Indian, Street Food, Mithai",1.78
"North Indian, Street Food, Mughlai",3.5
"North Indian, Street Food, South Indian, Fast Food, Chinese",2.8
"North Indian, Street Food, South Indian, Mithai",3.3
"North Indian, Thai, Continental",3.95
"North Indian, Thai, Italian, Chinese, Mexican",3.5
"North Indian, Tibetan",3.7
Oriya,3.25
Pakistani,4
"Pakistani, Afghani, Indian, Hyderabadi",4
"Pakistani, Chinese, Indian, Afghani",4.1
"Pakistani, Indian",3.9
"Pakistani, Indian, Afghani, Curry",3.9
"Pakistani, Indian, Mughlai",4.2
Parsi,3.95
"Parsi, Iranian",4.066666667
"Parsi, North Indian",4.2
"Patisserie, Coffee and Tea",3.4
"Peranakan, Indonesian",4
"Persian, Arabian, Lebanese, North Indian",4.6
"Peruvian, Latin American",3.6
Pizza,2.20754717
"Pizza, Bar Food",4.033333333
"Pizza, Bar Food, Sandwich",3.7
"Pizza, Burger, Fast Food",0
"Pizza, Cafe, Italian",4.5
"Pizza, Chinese",3.7
"Pizza, Continental, Beverages",3.3
"Pizza, Desserts",3.1
"Pizza, Fast Food",2.629007634
"Pizza, Fast Food, Bakery",0
"Pizza, Fast Food, Chinese",3.4
"Pizza, Grill",3.7
"Pizza, Ice Cream",0
"Pizza, Italian",3.668421053
"Pizza, Italian, Beverages, Desserts",4.3
"Pizza, Italian, Cafe",3.9
"Pizza, Italian, Fast Food",3.6
"Pizza, Mexican, Chinese, Italian",4
"Pizza, North Indian",3.5
"Pizza, North Indian, Continental",3.4
"Pizza, Salad, Finger Food",3.4
"Pizza, Sandwich",4.14
"Pizza, Sandwich, Vegetarian",3.8
"Pizza, Seafood, Steak",4
"Portuguese, African",2.875
"Portuguese, African, Lebanese",4
Pub Food,4.4
Rajasthani,3.1
"Rajasthani, Gujarati, Mughlai",3.6
"Rajasthani, North Indian",3.4
"Ramen, Japanese",4.6
Raw Meats,0
"Raw Meats, Fast Food",1.834090909
"Raw Meats, Fast Food, North Indian",1.925
"Raw Meats, North Indian",0.866666667
"Raw Meats, North Indian, Chinese",0
"Raw Meats, North Indian, Chinese, Fast Food",3.7
"Raw Meats, North Indian, Fast Food",2.734693878
"Raw Meats, Street Food",0
Restaurant Cafe,3.85
"Restaurant Cafe, Desserts",4.2
"Restaurant Cafe, Turkish, Desserts",4.2
"Salad, Continental",4.1
"Salad, Healthy Food, Burger, Italian, Continental, Chinese, North Indian, Beverages",3.1
Sandwich,4.1
"Sandwich, Seafood, Cajun",4.65
"Sandwich, Seafood, Steak",4.5
"Sandwich, Sushi, Tapas",3.6
"Scottish, Cafe",4.7
Seafood,4.114285714
"Seafood, African, Sushi",3.8
"Seafood, American",3.6
"Seafood, American, Mediterranean, Japanese",4.7
"Seafood, Asian, Filipino, Indian",4.4
"Seafood, Asian, Grill, Sushi",3.8
"Seafood, Bar Food, Brazilian",4
"Seafood, Chinese",4.2
"Seafood, Chinese, Japanese, Sushi, Thai",3.7
"Seafood, Chinese, Japanese, Vietnamese, Asian, Thai",3.9
"Seafood, Chinese, Thai",4
"Seafood, Continental, European",3.7
"Seafood, Continental, European, German",4.7
"Seafood, Continental, Goan, Asian, Andhra",3.8
"Seafood, Filipino, Asian, European",4.2
"Seafood, French",4.6
"Seafood, Italian",3.95
"Seafood, Japanese, Sushi",4.4
"Seafood, Kiwi",4.45
"Seafood, Mediterranean",3.7
"Seafood, Mughlai, North Indian",0
"Seafood, North Indian",3.9
"Seafood, South Indian, Andhra, Hyderabadi, Goan",4.2
"Seafood, Southern",3.9
"Seafood, Steak",4
"Seafood, Steak, Vegetarian",4.2
"Seafood, Sushi",4.15
"Seafood, Tapas, Bar Food",3.8
"Seafood, Western",3.7
"Singaporean, Australian, German",3.1
"Singaporean, Chinese, Seafood, Malay, Indian",3
South American,3.5
South Indian,2.370535714
"South Indian, Andhra",4.2
"South Indian, Biryani",1.5
"South Indian, Chettinad",3.5
"South Indian, Chettinad, North Indian",3.9
"South Indian, Chettinad, North Indian, Chinese",3.4
"South Indian, Chinese",2.426470588
"South Indian, Chinese, Continental",0
"South Indian, Chinese, Continental, Italian, North Indian",4.1
"South Indian, Chinese, Fast Food",0.966666667
"South Indian, Chinese, Fast Food, Mithai",2.8
"South Indian, Chinese, Mithai",0
"South Indian, Chinese, Mughlai",0
"South Indian, Chinese, North Indian",2.425
"South Indian, Chinese, Street Food, Mithai",3.3
"South Indian, Desserts",4.1
"South Indian, Desserts, Beverages",3.7
"South Indian, Fast Food",2.9
"South Indian, Fast Food, Chinese",1.45
"South Indian, Fast Food, North Indian, Chinese",0
"South Indian, Fast Food, Street Food",3.1
"South Indian, Kerala",3.6
"South Indian, Nepalese",0
"South Indian, North Indian",2.989473684
"South Indian, North Indian, Chinese",2.864285714
"South Indian, North Indian, Chinese, Continental",3.5
"South Indian, North Indian, Chinese, Fast Food",3.35
"South Indian, North Indian, Chinese, Fast Food, Street Food, Mithai",3.5
"South Indian, North Indian, Chinese, Mughlai",3.1
"South Indian, North Indian, Chinese, Street Food, Fast Food",2.8
"South Indian, North Indian, Fast Food",2.8
"South Indian, North Indian, Street Food",3
"South Indian, North Indian, Street Food, Chinese, Mithai",3.5
"South Indian, Pizza, Chinese",0
"South Indian, Seafood, Kerala",4
"South Indian, Street Food",0
"South Indian, Street Food, Chinese",0
"South Indian, Street Food, Desserts",3
"South Indian, Street Food, Mithai",1.75
Southern,3.975
"Southern, Cajun, Soul Food",3.6
"Spanish, Italian",4.3
"Spanish, Tapas",4.066666667
Sri Lankan,4
Steak,4.185714286
"Steak, American",3.8
"Steak, BBQ",4.4
"Steak, Scottish, British",4.2
"Steak, Seafood, Grill",4.4
"Steak, Tapas, Bar Food",3.5
Street Food,2.161744966
"Street Food, Bakery",2.9
"Street Food, Beverages",3.5
"Street Food, Burger, American, Finger Food, German",4.4
"Street Food, Burger, Desserts, Italian, Pizza, North Indian, European, Finger Food",4
"Street Food, Chinese",0.55
"Street Food, Chinese, Mithai",3.3
"Street Food, Chinese, North Indian",1.8
"Street Food, Chinese, North Indian, Mithai",3.4
"Street Food, Continental, Burger, Grill",3.9
"Street Food, Continental, South Indian, North Indian, Chinese",3.9
"Street Food, Desserts",2.866666667
"Street Food, Fast Food",1.266666667
"Street Food, Fast Food, Beverages",3.1
"Street Food, Fast Food, Chinese, South Indian, North Indian",3.7
"Street Food, Fast Food, North Indian",3.8
"Street Food, Mithai",1.966666667
"Street Food, Mithai, North Indian, South Indian, Chinese",0
"Street Food, Mithai, South Indian, North Indian, Chinese",2.5
"Street Food, Mughlai",3.3
"Street Food, North Indian",2.708333333
"Street Food, North Indian, Chinese, Continental",3.9
"Street Food, North Indian, Mithai",3.3
"Street Food, North Indian, South Indian",2.9
"Street Food, North Indian, South Indian, Chinese",3.1
"Street Food, North Indian, South Indian, Chinese, Mithai",3.8
"Street Food, North Indian, South Indian, Mithai",3.466666667
"Street Food, South Indian",3.466666667
"Street Food, South Indian, Chinese",2.7
"Street Food, South Indian, Mithai",2.44
"Sunda, Indonesian",4.9
Sushi,3.9
"Sushi, Asian",3.633333333
"Sushi, Japanese",4.2
"Sushi, Japanese, Cantonese",3.8
"Sushi, Japanese, Healthy Food",4
"Sushi, Teriyaki",4.5
"Sushi, Thai",4
"Taiwanese, Street Food",4.65
Tapas,4.4
Tea,0.566666667
"Tea, Beverages, Fast Food",0
"Tea, Cafe",4.1
"Tea, Fast Food",1.9
"Tea, Modern Australian",3.5
"Tex-Mex, American",4
Thai,4.1
"Thai, Asian",4.05
"Thai, Chinese",3.466666667
"Thai, Chinese, Asian",3.8
"Thai, Chinese, Asian, Malaysian",3.8
"Thai, Chinese, Japanese",3.7
"Thai, Chinese, North Indian",3.9
"Thai, Chinese, Seafood",3.1
"Thai, European, Mexican, North Indian, Chinese, Cafe",4.5
"Thai, Japanese",3.6
"Thai, Japanese, Chinese, Indonesian, Vietnamese",4.4
Tibetan,0
"Tibetan, Chinese",2.161538462
"Tibetan, Chinese, North Indian",0
"Tibetan, Fast Food",2.6
"Tibetan, Nepalese",3.65
"Tibetan, South Indian, North Indian",0
"Tibetan, Street Food",0
Turkish,3.4
Turkish Pizza,4.3
"Turkish, Arabian, Middle Eastern",4.3
"Turkish, Arabian, Moroccan, Lebanese",0
"Turkish, Mediterranean, Middle Eastern",4.3
Vietnamese,4.05
"Vietnamese, Fish and Chips",4.3
"Western, Asian, Cafe",4.2
"Western, Fusion, Fast Food",3.2
World Cuisine,4.9
"World Cuisine, Mexican, Italian",4.4
"World Cuisine, Patisserie, Cafe",4.2